{"cameraMode":{"drawMode":0,"name":"Shaded","section":"Shading Mode"},"sceneLighting":true,"audioPlay":false,"sceneViewState":{"m_AlwaysRefresh":false,"showFog":true,"showSkybox":true,"showFlares":true,"showImageEffects":true,"showParticleSystems":true,"showVisualEffectGraphs":true,"m_FxEnabled":true},"in2DMode":false,"pivot":{"x":9.67138957977295,"y":-93.80113220214844,"z":300.75567626953127},"rotation":{"x":0.15239205956459046,"y":0.011859252117574215,"z":-0.0018290866864845157,"w":0.9882463812828064},"size":168.4163818359375,"orthographic":false}