{"cameraMode":{"drawMode":0,"name":"Shaded","section":"Shading Mode"},"sceneLighting":true,"audioPlay":false,"sceneViewState":{"m_AlwaysRefresh":false,"showFog":true,"showSkybox":true,"showFlares":true,"showImageEffects":true,"showParticleSystems":true,"showVisualEffectGraphs":true,"m_FxEnabled":true},"in2DMode":false,"pivot":{"x":0.7038324475288391,"y":0.831881046295166,"z":0.45661163330078127},"rotation":{"x":-0.22193846106529237,"y":-0.008194387890398503,"z":0.001864333520643413,"w":-0.9750282168388367},"size":5.612485885620117,"orthographic":false}